millis,stamp,datetime,motion
3999, 1564974126, 2019/8/5 3:2:6, Inactive
7999, 1564974130, 2019/8/5 3:2:10, Inactive
11999, 1564974134, 2019/8/5 3:2:14, Inactive
16000, 1564974138, 2019/8/5 3:2:18, Inactive
19999, 1564974142, 2019/8/5 3:2:22, Inactive
23999, 1564974146, 2019/8/5 3:2:26, Active
27999, 1564974150, 2019/8/5 3:2:30, Inactive
32000, 1564974154, 2019/8/5 3:2:34, Active
35999, 1564974158, 2019/8/5 3:2:38, Inactive
39999, 1564974162, 2019/8/5 3:2:42, Inactive
43999, 1564974166, 2019/8/5 3:2:46, Inactive
47998, 1564974170, 2019/8/5 3:2:50, Inactive
51999, 1564974174, 2019/8/5 3:2:54, Inactive
55999, 1564974178, 2019/8/5 3:2:58, Inactive
59999, 1564974182, 2019/8/5 3:3:2, Active
64000, 1564974186, 2019/8/5 3:3:6, Inactive
67999, 1564974190, 2019/8/5 3:3:10, Active
71999, 1564974194, 2019/8/5 3:3:14, Inactive
75999, 1564974198, 2019/8/5 3:3:18, Active
80000, 1564974202, 2019/8/5 3:3:22, Inactive
83999, 1564974206, 2019/8/5 3:3:26, Active
87999, 1564974210, 2019/8/5 3:3:30, Inactive
91999, 1564974214, 2019/8/5 3:3:34, Active
96000, 1564974218, 2019/8/5 3:3:38, Inactive
99999, 1564974222, 2019/8/5 3:3:42, Active
103999, 1564974226, 2019/8/5 3:3:46, Inactive
107999, 1564974230, 2019/8/5 3:3:50, Inactive
112000, 1564974234, 2019/8/5 3:3:54, Active
115999, 1564974238, 2019/8/5 3:3:58, Inactive
119999, 1564974242, 2019/8/5 3:4:2, Inactive
123999, 1564974246, 2019/8/5 3:4:6, Active
128000, 1564974250, 2019/8/5 3:4:10, Inactive
131999, 1564974254, 2019/8/5 3:4:14, Inactive
135999, 1564974258, 2019/8/5 3:4:18, Inactive
139999, 1564974262, 2019/8/5 3:4:22, Inactive
144000, 1564974266, 2019/8/5 3:4:26, Active
147999, 1564974270, 2019/8/5 3:4:30, Inactive
151999, 1564974274, 2019/8/5 3:4:34, Active
155999, 1564974278, 2019/8/5 3:4:38, Inactive
160000, 1564974282, 2019/8/5 3:4:42, Inactive
163999, 1564974286, 2019/8/5 3:4:46, Inactive
167999, 1564974290, 2019/8/5 3:4:50, Inactive
171999, 1564974294, 2019/8/5 3:4:54, Inactive
176000, 1564974298, 2019/8/5 3:4:58, Inactive
179999, 1564974302, 2019/8/5 3:5:2, Inactive
183999, 1564974306, 2019/8/5 3:5:6, Inactive
187999, 1564974310, 2019/8/5 3:5:10, Inactive
192000, 1564974314, 2019/8/5 3:5:14, Inactive
195999, 1564974318, 2019/8/5 3:5:18, Inactive
199999, 1564974322, 2019/8/5 3:5:22, Inactive
203999, 1564974326, 2019/8/5 3:5:26, Active
208000, 1564974330, 2019/8/5 3:5:30, Inactive
211999, 1564974334, 2019/8/5 3:5:34, Active
215999, 1564974338, 2019/8/5 3:5:38, Inactive
219999, 1564974342, 2019/8/5 3:5:42, Active
224000, 1564974346, 2019/8/5 3:5:46, Inactive
227999, 1564974350, 2019/8/5 3:5:50, Active
231999, 1564974354, 2019/8/5 3:5:54, Inactive
235999, 1564974358, 2019/8/5 3:5:58, Inactive
240000, 1564974362, 2019/8/5 3:6:2, Inactive
243999, 1564974366, 2019/8/5 3:6:6, Inactive
247999, 1564974370, 2019/8/5 3:6:10, Active
251999, 1564974374, 2019/8/5 3:6:14, Inactive
256000, 1564974378, 2019/8/5 3:6:18, Active
